<?xml version="1.0" encoding="UTF-8"?>
<project-private xmlns="http://www.netbeans.org/ns/project-private/1">
    <editor-bookmarks xmlns="http://www.netbeans.org/ns/editor-bookmarks/2" lastBookmarkId="0"/>
    <open-files xmlns="http://www.netbeans.org/ns/projectui-open-files/2">
        <group>
            <file>file:/E:/MoocJavaPart1/mooc-2013-OOProgrammingWithJava-PART1/week5-090.TeamAndPlayers/src/Team.java</file>
            <file>file:/E:/MoocJavaPart1/mooc-2013-OOProgrammingWithJava-PART1/week5-090.TeamAndPlayers/src/Player.java</file>
            <file>file:/E:/MoocJavaPart1/mooc-2013-OOProgrammingWithJava-PART1/week5-090.TeamAndPlayers/src/Main.java</file>
        </group>
    </open-files>
</project-private>
